{
  "hash": "a101b8b6",
  "configHash": "ad53dae1",
  "lockfileHash": "b8a2a52f",
  "browserHash": "49d7b88b",
  "optimized": {
    "@angular/common": {
      "src": "../../../../../../node_modules/@angular/common/fesm2022/common.mjs",
      "file": "@angular_common.js",
      "fileHash": "ea28aa79",
      "needsInterop": false
    },
    "@angular/core": {
      "src": "../../../../../../node_modules/@angular/core/fesm2022/core.mjs",
      "file": "@angular_core.js",
      "fileHash": "6add4ebf",
      "needsInterop": false
    },
    "@angular/forms": {
      "src": "../../../../../../node_modules/@angular/forms/fesm2022/forms.mjs",
      "file": "@angular_forms.js",
      "fileHash": "dd4b7c38",
      "needsInterop": false
    },
    "@angular/platform-browser": {
      "src": "../../../../../../node_modules/@angular/platform-browser/fesm2022/platform-browser.mjs",
      "file": "@angular_platform-browser.js",
      "fileHash": "bd6ca08a",
      "needsInterop": false
    },
    "@angular/router": {
      "src": "../../../../../../node_modules/@angular/router/fesm2022/router.mjs",
      "file": "@angular_router.js",
      "fileHash": "c0805bf7",
      "needsInterop": false
    },
    "zone.js": {
      "src": "../../../../../../node_modules/zone.js/fesm2015/zone.js",
      "file": "zone__js.js",
      "fileHash": "c8d91545",
      "needsInterop": true
    },
    "html2canvas": {
      "src": "../../../../../../../../../node_modules/html2canvas/dist/html2canvas.esm.js",
      "file": "html2canvas.js",
      "fileHash": "00153cb9",
      "needsInterop": false
    },
    "jspdf": {
      "src": "../../../../../../../../../node_modules/jspdf/dist/jspdf.es.min.js",
      "file": "jspdf.js",
      "fileHash": "75f2bdba",
      "needsInterop": false
    }
  },
  "chunks": {
    "purify.es-X2CPTM4S": {
      "file": "purify__es-X2CPTM4S.js"
    },
    "index.es-5OVEIAQU": {
      "file": "index__es-5OVEIAQU.js"
    },
    "chunk-MU2PGMBU": {
      "file": "chunk-MU2PGMBU.js"
    },
    "chunk-DPHQTFEW": {
      "file": "chunk-DPHQTFEW.js"
    },
    "chunk-U5SZWYUN": {
      "file": "chunk-U5SZWYUN.js"
    },
    "chunk-7LO2EGVE": {
      "file": "chunk-7LO2EGVE.js"
    },
    "chunk-TXDUYLVM": {
      "file": "chunk-TXDUYLVM.js"
    }
  }
}